RespondentID,Do you typically check a daily weather report?,How do you typically check the weather?,A specific website or app (please provide the answer),"If you had a smartwatch (like the soon to be released Apple Watch), how likely or unlikely would you be to check the weather on that device?",Age,What is your gender?,How much total combined money did all members of your HOUSEHOLD earn last year?,US Region
3887201482,1,5,-,4,2,1,4,5
3887159451,1,5,-,4,1,1,0,999
3887152228,1,5,-,4,2,1,6,2
3887145426,1,5,-,3,2,1,0,999
3887021873,1,8,Iphone app,4,2,1,8,2
3886937140,1,8,AccuWeather App,3,1,1,6,7
3886923931,1,1,-,1,2,1,3,7
3886913587,1,999,-,999,999,999,999,999
3886889048,1,1,-,4,2,1,0,9
3886848806,1,5,-,4,2,1,8,4
3886782609,0,4,-,2,1,1,1,9
3886416355,0,5,-,3,2,1,6,3
3886356706,0,999,-,999,999,999,999,999
3886328736,1,2,-,4,2,1,1,2
3886284495,0,1,-,1,1,1,2,2
3886283555,1,4,-,3,1,1,5,2
3886272525,1,5,-,4,2,1,2,8
3886261814,1,8,nice,4,2,1,3,2
3886258514,1,2,-,1,2,2,3,7
3886256409,0,5,-,4,1,1,3,5
3886226091,1,5,-,2,1,1,3,5
3886201383,1,2,-,4,2,1,8,7
3886197152,1,1,-,1,2,1,0,8
3886132282,1,5,-,4,2,1,3,3
3886121810,0,999,-,999,999,999,999,999
3886114640,1,8,Weather.com,1,2,1,5,2
3886112493,1,5,-,4,1,1,2,3
3886110900,1,2,-,3,2,1,3,1
3886102001,1,1,-,4,3,2,10,8
3886098922,0,7,-,1,1,1,1,4
3886095863,1,1,-,2,3,2,2,3
3886067670,1,3,-,3,2,1,3,2
3886043003,0,5,-,3,1,1,1,4
3886040050,1,4,-,4,1,1,1,6
3886031017,1,5,-,4,4,2,4,5
3886019381,0,4,-,3,1,1,5,9
3886018765,1,5,-,4,1,1,4,7
3886007951,1,8,Weatherbug,4,2,1,3,8
3885984891,1,5,-,4,3,2,4,9
3885983629,1,1,-,4,4,1,0,5
3885983248,1,1,-,4,2,1,0,2
3885969840,1,4,-,4,2,1,10,5
3885965613,1,2,-,3,4,1,8,1
3885944544,1,5,-,4,2,1,6,2
3885928568,1,2,-,4,1,1,6,1
3885927684,0,5,-,3,2,1,3,5
3885872237,0,1,-,3,2,1,2,5
3885869392,1,8,weather channel app,3,1,1,4,7
3885838101,1,4,-,4,1,1,2,9
3885835130,1,4,-,3,1,1,2,5
3885824482,1,1,-,1,4,1,6,7
3885821034,1,5,-,4,4,1,0,3
3885802164,0,3,-,1,2,1,4,2
3885791607,0,2,-,2,2,1,10,2
3885773515,1,5,-,3,2,1,2,9
3885691247,1,4,-,2,2,1,0,7
3885688258,1,8,Yahoo weather iphone,4,1,1,3,7
3885687708,1,4,-,1,2,1,9,3
3885683872,1,2,-,3,2,1,0,2
3885652370,1,4,-,3,2,1,4,4
3885637949,0,4,-,4,1,1,2,999
3885625628,1,5,-,4,2,1,5,4
3885602270,1,5,-,1,1,1,7,3
3885570360,0,3,-,2,2,1,7,5
3885569498,1,8,Weather Puppy,3,2,1,5,5
3885540601,1,8,AccuWeather,4,1,1,1,5
3885539632,1,1,-,1,1,1,2,3
3885525146,1,5,-,4,1,1,10,9
3885512170,1,6,-,2,2,1,3,9
3885497220,1,8,Apple weater,3,1,1,2,9
3885496201,1,3,-,1,2,1,1,999
3885404319,1,5,-,4,2,1,3,7
3885304775,1,5,-,4,2,1,4,2
3885296722,1,8,The Weather Channel app,4,2,1,2,2
3885275206,1,999,-,999,999,999,999,999
3885247252,0,2,-,3,2,1,8,3
3885195077,1,8,"google ""weather""",4,1,1,1,5
3885174420,1,4,-,3,4,1,9,3
3885164782,1,5,-,4,2,1,7,2
3885139533,1,5,-,4,2,1,10,1
3885123066,1,1,-,1,1,1,0,1
3885040099,1,8,Weather Underground,3,2,1,6,4
3885026185,0,5,-,3,2,1,5,9
3884998535,1,8,Weather Timeline (android),1,2,1,7,9
3884960044,1,5,-,3,1,1,6,5
3884902653,0,5,-,4,1,1,3,8
3884859930,1,2,-,2,2,1,2,7
3884813859,0,4,-,1,1,1,1,9
3884790873,1,5,-,4,1,1,1,4
3884694722,1,1,-,4,1,1,6,1
3884500697,1,1,-,1,1,1,3,5
3883994422,1,3,-,4,1,1,1,6
3883947693,0,4,-,3,1,1,0,9
3883852529,0,3,-,2,1,1,5,9
3883822504,1,8,Weatherbug,3,1,1,1,7
3883792972,1,1,-,1,2,1,0,7
3883744850,1,5,-,3,1,1,4,7
3883706735,0,5,-,2,1,1,0,9
3883706220,1,4,-,3,1,1,0,1
3883591931,1,8,1 weather,4,2,1,8,5
3883449927,0,2,-,1,1,1,1,9
3883423513,0,4,-,3,1,1,2,8
3883400954,1,5,-,4,2,1,10,5
3883396110,0,6,-,3,1,1,4,999
3883373140,1,2,-,3,2,1,2,1
3883347727,1,5,-,2,2,1,6,1
3883237358,0,1,-,1,1,1,4,2
3883013307,1,5,-,3,1,1,2,5
3882981067,0,5,-,3,2,1,4,9
3882953969,1,5,-,1,2,1,5,8
3882828486,1,4,-,1,2,1,4,7
3882734383,1,8,Weather Channel app,4,2,1,4,3
3882036173,1,4,-,4,2,1,6,9
3882027944,1,8,"Weather Underground, also 2 half the time.",3,2,1,2,4
3882024847,1,4,-,4,3,1,7,8
3881999864,1,8,weatherbug app,4,3,1,5,5
3881965206,0,4,-,3,1,1,5,5
3881590664,1,8,weather bug,1,2,1,5,3
3881586024,1,4,-,1,3,1,8,5
3881268852,1,4,-,3,1,1,0,999
3881207655,1,5,-,3,3,1,3,9
3881152975,0,8,The Weather Channel app,3,3,1,10,9
3881043805,1,1,-,3,3,1,3,5
3880998411,1,5,-,4,3,1,4,2
3880901650,1,4,-,1,3,1,5,5
3880901309,1,1,-,1,3,1,2,8
3880839674,1,4,-,3,3,1,10,9
3880831944,1,5,-,1,3,1,3,3
3880760866,1,7,-,4,3,1,1,5
3880684514,1,1,-,4,3,1,3,2
3880658899,1,8,FancyClock app on my phone and accuweather.com,4,3,1,7,8
3880648847,1,2,-,1,3,1,1,3
3880644828,1,3,-,3,1,1,0,9
3880589507,1,8,GOES West Satalite,1,3,1,5,9
3880580324,1,8,Intellicast / Storm,4,3,1,8,5
3880574320,1,2,-,3,3,1,5,5
3880465916,0,4,-,2,2,1,1,4
3880464921,0,1,-,3,2,1,5,5
3880459984,1,5,-,3,3,1,4,7
3880448211,1,5,-,4,3,1,9,2
3880441785,1,8,ipod weather,4,3,1,4,5
3880438117,1,8,weatherbug,2,3,1,6,3
3880436782,1,7,-,1,3,1,10,5
3880427365,1,8,weatherbug.com,1,3,1,10,1
3880377127,0,4,-,3,3,1,7,9
3880323654,1,2,-,1,3,1,7,7
3880319089,0,8,iphone weather app,3,1,1,4,5
3880303554,1,8,Weather Bug,4,3,1,8,3
3880299725,1,8,Accuweather,2,3,1,4,3
3880256330,1,5,-,3,3,1,6,9
3880230736,1,1,-,1,3,1,8,5
3880219305,0,4,-,3,3,1,6,9
3880210450,1,1,-,4,3,1,6,9
3880208319,1,4,-,3,2,1,6,7
3880187634,1,4,-,1,3,1,2,9
3880162442,1,5,-,3,1,1,0,2
3880131987,1,5,-,3,3,1,8,9
3880129691,1,5,-,4,3,1,7,5
3880099657,1,2,-,1,3,1,0,8
3880086571,1,5,-,4,3,1,8,9
3880033304,1,2,-,4,1,1,1,2
3879970050,1,5,-,4,1,2,0,5
3879946254,1,1,-,4,3,1,4,3
3879934990,0,2,-,1,3,1,6,3
3879902865,1,3,-,1,3,1,5,2
3879887212,1,5,-,4,3,1,9,9
3879876964,0,3,-,3,1,1,1,5
3879874372,1,2,-,4,3,1,10,7
3879823141,1,1,-,1,3,1,10,9
3879815451,0,7,-,3,3,1,5,2
3879622928,1,1,-,1,1,1,6,4
3879622165,1,1,-,3,3,1,2,2
3879618163,1,8,weather channel app,4,3,1,3,3
3879505742,0,5,-,3,3,1,6,5
3879492127,1,4,-,3,1,1,4,6
3879466790,0,6,-,4,1,1,0,999
3879405493,0,5,-,3,3,1,7,9
3879399705,0,1,-,3,2,1,4,8
3879387300,1,5,-,1,3,1,10,1
3879361333,1,8,www.wunderground.com,4,3,1,3,7
3879332676,1,8,The Weather Channel,4,3,1,5,3
3879327814,1,8,noaa.gov,3,3,1,0,1
3879326602,1,5,-,4,3,1,6,3
3879325675,0,7,-,1,1,1,0,999
3879323844,1,1,-,3,3,1,3,9
3879315853,1,1,-,3,3,1,5,4
3879274139,1,2,-,3,4,2,6,3
3879266798,1,1,-,4,4,2,5,3
3879261981,1,1,-,4,4,2,0,5
3879258283,1,4,-,4,4,2,4,1
3879248890,1,8,1weather,4,4,2,4,4
3879245036,1,8,yahoo,4,4,2,6,9
3879210502,1,4,-,3,3,1,4,7
3879207640,1,1,-,3,3,1,3,5
3879205854,1,5,-,1,1,1,6,1
3879196296,1,2,-,4,4,2,4,5
3879194705,1,5,-,4,3,1,2,8
3879189511,1,5,-,4,2,1,6,5
3879186514,1,2,-,4,4,2,0,7
3879159385,1,5,-,4,4,2,4,8
3879157578,0,2,-,3,2,1,3,3
3879152338,0,5,-,3,2,1,7,5
3879139489,1,6,-,1,4,2,5,7
3879106766,1,5,-,4,4,1,1,2
3879102520,1,2,-,4,3,1,4,3
3879102450,1,1,-,3,4,2,5,6
3879094933,1,4,-,4,3,1,4,3
3879090979,1,5,-,3,4,1,10,1
3879055766,1,8,Weather Bug App,1,3,1,7,2
3879048742,1,5,-,3,3,1,0,5
3879043041,1,2,-,2,4,2,5,3
3879024100,1,3,-,4,4,1,6,4
3879022427,1,8,Yo Window,1,4,2,3,3
3879018623,1,1,-,3,4,2,6,2
3879014394,1,8,Weather bug,2,4,1,4,2
3878997264,1,8,Dark Sky,4,4,1,10,2
3878995654,1,4,-,1,3,1,9,2
3878993313,1,2,-,1,4,2,6,7
3878975679,1,2,-,2,4,2,2,5
3878973380,1,1,-,4,3,1,5,6
3878972273,1,5,-,1,3,1,6,2
3878971737,1,1,-,4,4,2,4,1
3878964663,1,3,-,2,4,2,5,2
3878957212,0,2,-,1,3,1,5,5
3878949789,1,8,Weatherbug,3,4,1,7,2
3878945643,1,2,-,3,4,1,3,2
3878940858,1,2,-,2,4,1,1,999
3878922314,1,5,-,2,3,1,9,3
3878908574,1,1,-,4,3,1,9,4
3878851367,1,4,-,4,4,2,0,3
3878801345,1,2,-,4,4,1,6,5
3878776250,1,2,-,1,4,1,0,5
3878773688,1,5,-,4,3,1,4,3
3878724412,1,4,-,1,3,1,6,7
3878675581,1,5,-,4,1,1,2,2
3878672825,1,8,Accuweather,3,2,2,6,9
3878664404,1,6,-,4,4,1,4,9
3878664002,1,8,aol,2,4,1,3,3
3878617605,0,3,-,1,3,1,0,9
3878604937,0,4,-,3,3,1,6,2
3878604458,1,2,-,3,2,2,1,6
3878594142,0,7,-,1,2,2,2,999
3878581130,1,2,-,3,4,2,5,3
3878580386,1,5,-,3,2,2,2,9
3878574698,1,8,NOAA and The Weather Channel,1,2,2,2,9
3878562127,0,2,-,1,4,1,0,9
3878555115,1,8,weatherbug,3,2,2,0,9
3878547877,0,4,-,2,4,2,4,9
3878539231,0,4,-,3,3,1,6,5
3878537531,0,5,-,1,4,1,0,9
3878536105,1,8,Weather Kitty,3,2,2,2,9
3878534855,1,7,-,1,4,2,6,9
3878533095,1,5,-,4,2,2,1,4
3878527607,0,5,-,2,4,2,4,9
3878526543,1,8,"Internet, tv, radio, newspaper",4,4,1,10,2
3878522121,1,1,-,1,3,1,3,2
3878521585,0,8,App on Iphone,2,2,2,2,9
3878520921,1,5,-,4,4,2,9,9
3878517202,1,4,-,3,4,2,4,3
3878516380,1,8,yr.no,3,2,2,0,999
3878513419,0,5,-,1,4,1,0,9
3878510837,0,5,-,1,2,2,3,9
3878488034,1,5,-,4,4,1,6,9
3878487715,1,7,-,3,4,2,0,9
3878487142,0,4,-,1,4,2,6,4
3878483534,0,4,-,3,4,1,0,9
3878479362,1,1,-,4,2,2,4,9
3878466821,1,8,weather.com,4,4,2,0,9
3878465693,1,5,-,4,2,2,0,8
3878464503,1,7,-,1,4,2,8,9
3878462883,0,2,-,3,2,1,0,9
3878450038,1,2,-,1,4,1,0,7
3878449625,0,2,-,1,2,2,2,9
3878445660,1,2,-,4,3,1,3,9
3878443579,1,4,-,3,3,1,6,9
3878436241,0,4,-,2,4,2,7,9
3878436018,1,4,-,4,1,1,3,9
3878432043,1,5,-,3,2,2,2,5
3878431247,1,1,-,4,4,2,3,9
3878426886,1,1,-,2,2,2,6,7
3878426515,1,2,-,1,4,1,4,1
3878425988,0,4,-,2,4,2,0,9
3878424879,1,2,-,1,4,1,2,8
3878417014,1,4,-,4,4,2,5,3
3878413474,1,4,-,4,2,2,0,5
3878409427,0,5,-,4,2,2,3,5
3878405540,0,4,-,2,4,1,4,5
3878404884,1,1,-,4,4,1,2,2
3878404363,0,5,-,4,4,2,9,5
3878404022,1,5,-,4,2,2,8,2
3878401700,1,2,-,3,4,2,3,4
3878398785,1,5,-,3,2,2,6,5
3878396691,1,2,-,1,2,1,5,4
3878392986,0,7,-,4,4,2,2,2
3878388646,1,8,weatherunderground,4,4,2,2,9
3878386420,0,1,-,1,1,1,1,9
3878381396,1,8,wunderground.com,1,4,1,4,9
3878370379,1,5,-,3,1,1,7,5
3878365414,1,2,-,1,4,1,4,7
3878359420,0,4,-,2,3,1,4,5
3878352834,1,5,-,1,3,1,5,9
3878349775,1,2,-,1,4,1,5,9
3878349239,1,1,-,4,4,1,0,5
3878348366,0,3,-,1,4,2,0,2
3878348238,1,4,-,4,3,1,6,5
3878345997,1,5,-,4,4,1,6,5
3878345589,1,5,-,4,4,1,4,2
3878340200,0,2,-,4,3,1,6,3
3878340018,1,8,Weather channel app,4,2,2,5,2
3878339582,0,1,-,2,4,1,7,8
3878339411,1,8,weather.com,4,4,2,6,9
3878337550,1,8,intellicast,1,4,1,6,3
3878336326,0,4,-,4,2,2,0,9
3878335390,0,5,-,3,4,2,0,9
3878332804,1,5,-,3,2,2,3,3
3878331425,1,8,Weather Risk,3,3,1,4,5
3878324728,0,4,-,1,1,1,9,7
3878324500,1,4,-,3,4,2,0,2
3878319761,1,8,local newspaper online Weather Bug NOAH,3,4,2,8,5
3878319271,1,4,-,3,4,2,3,3
3878317738,1,2,-,1,4,1,4,9
3878317474,0,1,-,3,4,1,6,9
3878317326,1,2,-,1,2,2,4,7
3878316445,0,1,-,1,4,2,0,8
3878315845,1,2,-,4,3,2,4,8
3878315601,1,8,AccuWeather or Weather Underground,4,3,2,0,1
3878313074,1,3,-,2,4,2,0,5
3878312380,1,5,-,3,4,1,2,6
3878311826,0,4,-,1,4,1,3,999
3878311562,1,5,-,4,2,2,3,5
3878310702,1,3,-,3,4,2,4,5
3878310569,0,7,-,1,4,2,10,9
3878309530,1,8,Weather Underground,4,3,1,3,5
3878302658,0,3,-,4,4,2,3,9
3878296951,0,1,-,3,4,2,5,5
3878296336,1,2,-,2,4,2,6,2
3878295740,1,5,-,4,4,2,4,3
3878293399,1,1,-,3,2,2,10,3
3878293163,1,1,-,1,4,1,4,5
3878291970,1,2,-,3,3,2,0,8
3878286381,1,7,-,2,4,2,7,1
3878284921,1,2,-,4,2,2,10,1
3878284808,1,4,-,1,3,1,0,9
3878280708,1,3,-,3,4,2,3,6
3878278676,1,1,-,4,4,2,10,5
3878278488,1,2,-,3,4,1,10,2
3878278271,1,4,-,1,3,1,0,6
3878277161,1,8,weather.com,4,4,1,10,1
3878275261,1,3,-,2,3,2,5,2
3878274622,1,4,-,2,3,2,5,6
3878270558,1,2,-,2,4,2,3,7
3878270404,0,5,-,1,2,2,6,3
3878269619,1,6,-,3,3,2,9,5
3878269540,1,5,-,1,2,2,0,5
3878268976,1,1,-,4,2,2,4,3
3878267217,1,2,-,4,3,2,3,7
3878263834,1,4,-,4,4,1,10,9
3878263694,1,5,-,1,4,2,0,3
3878262512,1,8,"Weatherbug, Storm",4,3,1,5,6
3878261302,0,8,look/feel the weather outside,1,3,2,8,3
3878259660,1,1,-,4,3,2,4,8
3878256328,1,2,-,4,3,2,1,6
3878255469,1,8,accuweather,3,2,2,3,3
3878255097,0,5,-,2,3,2,6,4
3878253341,1,5,-,3,2,2,4,8
3878252826,1,8,apple-provided site,3,4,2,6,9
3878251387,1,1,-,4,2,2,2,6
3878251359,0,2,-,4,3,2,1,9
3878249188,1,2,-,4,2,2,3,9
3878248250,1,5,-,4,2,2,6,3
3878247540,1,5,-,1,2,2,4,3
3878244194,1,2,-,4,3,1,6,5
3878243755,1,5,-,4,2,2,4,2
3878242397,1,5,-,1,4,2,3,4
3878239927,1,3,-,3,4,1,4,9
3878238124,0,2,-,4,4,1,4,8
3878228000,1,4,-,4,3,2,3,3
3878227923,1,1,-,4,3,1,6,5
3878226107,1,2,-,3,3,2,3,9
3878225639,1,2,-,1,4,2,8,3
3878225361,1,2,-,4,3,2,6,3
3878224262,1,5,-,1,3,2,0,3
3878223377,0,8,Weather channel app on my phone and ipad,3,3,2,8,9
3878219443,1,2,-,4,4,2,7,2
3878215557,1,2,-,3,3,2,5,3
3878215555,1,2,-,4,3,2,6,5
3878209275,1,1,-,4,3,1,2,3
3878209013,1,4,-,4,3,1,4,8
3878208724,0,2,-,1,3,2,4,5
3878205297,1,7,-,4,3,2,5,5
3878204973,1,3,-,3,2,2,4,7
3878204241,1,2,-,1,2,2,3,3
3878201710,1,8,Numerous local weather apps,1,4,2,2,2
3878198621,1,7,-,1,3,2,3,8
3878197524,1,2,-,4,3,2,3,7
3878196162,0,2,-,1,2,2,3,4
3878194430,1,8,The Weather Channel app on my phone,3,3,2,6,7
3878193774,1,5,-,3,2,1,6,4
3878193623,1,2,-,4,3,1,2,7
3878192054,1,8,Accuweather,3,4,1,3,3
3878190686,1,5,-,4,3,2,3,5
3878190060,1,5,-,3,3,2,6,1
3878189246,1,8,Storm Team 4,3,4,1,10,2
3878187831,1,2,-,4,4,2,999,7
3878187206,0,5,-,3,3,2,0,1
3878177832,1,5,-,4,2,1,4,4
3878176797,1,999,-,999,999,999,999,999
3878176285,1,999,-,999,999,999,999,999
3878175971,1,5,-,4,4,1,5,5
3878171501,1,1,-,1,2,2,0,2
3878168802,1,2,-,4,3,2,5,2
3878166803,1,2,-,2,3,2,6,2
3878166171,1,8,KCRA online,1,3,2,0,9
3878162896,1,8,yahoo weather,1,2,2,3,9
3878162631,1,8,Accuweather,4,2,2,3,5
3878162069,0,4,-,3,1,1,5,9
3878160615,1,8,weatherbug on my phone,3,3,2,10,4
3878160534,1,1,-,4,3,2,4,2
3878159600,0,2,-,4,4,2,2,7
3878159123,1,5,-,2,2,2,2,7
3878158418,1,5,-,4,3,1,3,9
3878156563,1,8,the weather channel app on my phone,4,2,2,2,9
3878151947,0,8,Weather Channel.com,4,4,1,0,8
3878147244,1,4,-,4,4,1,2,4
3878146840,1,4,-,3,1,1,2,7
3878144950,1,4,-,1,2,2,0,6
3878139391,1,7,-,2,4,2,5,3
3878137364,1,8,Accuweather,3,3,1,10,999
3878136673,1,8,Weather Channel app on phone,3,3,1,8,9
3878129801,1,4,-,4,3,2,3,7
3878123775,0,4,-,3,4,2,3,9
3878120046,1,5,-,3,2,2,6,9
3878118150,1,8,Weather underground,4,3,1,10,5
3878117988,1,1,-,4,3,1,6,3
3878115959,1,1,-,2,3,2,10,3
3878114690,1,8,yahoo weather,4,4,2,0,8
3878112779,1,1,-,3,4,1,8,5
3878112712,1,8,IPhone,4,3,2,3,3
3878111554,1,2,-,1,4,1,10,9
3878109491,1,5,-,1,1,2,5,3
3878108075,1,8,intellicast,4,2,1,6,5
3878104623,1,5,-,4,3,2,3,8
3878102392,0,2,-,3,3,2,7,9
3878099445,1,2,-,3,1,2,2,4
3878099081,0,1,-,3,1,1,2,4
3878098952,1,1,-,4,1,2,0,3
3878098258,1,8,Weather Channel app android,1,3,1,6,7
3878096992,1,8,NOAA app,3,4,1,7,2
3878096868,1,8,Via my iPhone builtin app,4,4,1,3,8
3878095559,1,1,-,1,1,2,3,2
3878094553,0,4,-,1,1,1,0,999
3878093169,1,1,-,2,4,1,2,6
3878093010,1,4,-,2,3,1,5,5
3878089067,1,5,-,3,1,2,2,8
3878088243,1,5,-,1,1,2,2,3
3878086902,1,5,-,4,3,1,5,9
3878086392,0,4,-,3,1,2,0,9
3878085372,1,8,weatherforyou.com,1,4,2,4,8
3878084501,1,2,-,3,2,2,2,2
3878078991,1,4,-,1,2,2,10,9
3878074226,1,4,-,3,4,2,0,5
3878064767,1,2,-,1,4,1,3,9
3878064239,1,1,-,1,4,2,7,1
3878061795,1,4,-,1,4,1,3,8
3878059916,1,1,-,3,3,1,8,3
3878059307,1,5,-,4,4,2,6,3
3878054163,1,5,-,3,4,2,10,5
3878053524,1,8,Weather Underground through HD Widgets,3,1,2,5,3
3878052764,1,8,Weather Bug,1,3,1,8,9
3878052086,1,5,-,4,2,2,6,9
3878048164,1,1,-,3,3,2,4,9
3878044812,1,4,-,4,1,2,5,4
3878044317,0,5,-,4,3,2,5,3
3878043927,1,1,-,4,3,2,0,2
3878043272,0,5,-,3,1,2,3,8
3878042695,1,5,-,4,1,2,8,2
3878041562,1,1,-,4,3,2,3,7
3878040881,1,7,-,1,3,2,5,2
3878040492,1,2,-,3,2,2,0,9
3878040326,1,2,-,3,2,2,4,3
3878038987,1,1,-,4,3,2,5,8
3878037165,1,8,weather app,4,2,2,0,4
3878035259,1,2,-,4,4,1,6,9
3878035151,1,8,AccuWeather,3,2,2,10,3
3878035092,1,2,-,4,2,2,3,5
3878034412,1,2,-,1,4,2,2,4
3878033239,1,5,-,4,1,2,5,3
3878032634,1,4,-,3,1,2,2,8
3878032607,1,5,-,4,4,2,5,9
3878032087,1,2,-,4,3,2,5,2
3878031030,1,8,iPhone app,3,2,2,5,3
3878023139,0,2,-,4,1,2,1,5
3878020495,0,8,National Weather Service site,1,3,2,8,2
3878020282,1,7,-,4,4,2,6,1
3878019960,1,4,-,1,2,2,6,3
3878019423,1,2,-,4,4,2,10,5
3878018322,1,7,-,3,4,1,0,3
3878018310,1,1,-,4,4,1,7,1
3878016803,1,8,accuweather,4,4,2,0,9
3878014756,1,2,-,3,3,2,0,3
3878013956,1,8,Accuweather,4,1,2,0,5
3878012449,1,2,-,3,3,1,4,9
3878010983,1,7,-,3,3,2,0,9
3878010950,1,4,-,2,4,1,3,9
3878010904,1,2,-,1,4,2,0,7
3878010376,1,5,-,1,2,2,6,3
3878009694,1,1,-,4,4,1,3,9
3878009691,1,4,-,1,2,2,3,9
3878009582,1,8,Weather channel,1,3,1,0,9
3878009488,1,4,-,1,4,2,1,9
3878008863,1,7,-,3,4,1,0,8
3878007018,1,5,-,4,4,1,10,5
3878005790,1,4,-,4,1,2,2,8
3878001706,1,5,-,4,1,2,6,3
3877999985,0,4,-,1,3,2,6,9
3877998847,1,8,intellicast,3,4,1,0,5
3877998797,1,1,-,4,1,2,2,7
3877997607,1,1,-,4,1,2,0,3
3877996677,0,2,-,1,4,1,4,7
3877995949,1,1,-,2,3,2,5,9
3877995873,1,1,-,4,3,1,4,3
3877994295,0,1,-,3,1,2,0,5
3877993115,0,2,-,1,1,2,2,5
3877992847,1,5,-,3,3,1,0,9
3877992331,1,1,-,1,4,2,0,4
3877991281,1,5,-,4,3,2,3,7
3877990551,1,2,-,4,4,2,0,1
3877989849,1,1,-,4,4,1,7,8
3877989016,1,8,Weatherbug,1,4,1,4,7
3877986851,1,5,-,4,3,2,7,3
3877984798,0,5,-,1,1,2,2,5
3877983130,1,5,-,3,1,2,3,7
3877983122,1,1,-,4,3,1,9,7
3877982615,1,8,Weather.com,4,4,2,3,5
3877982204,0,4,-,2,1,2,3,2
3877981227,1,2,-,3,3,2,7,9
3877981098,1,8,the weather channel,4,2,2,5,2
3877980492,1,8,the weather channel,3,3,2,0,9
3877980484,0,5,-,2,1,2,1,9
3877980051,1,5,-,1,1,2,3,7
3877977794,1,1,-,4,3,1,6,2
3877976383,1,8,iPhone weather app,4,1,2,0,6
3877975104,1,1,-,3,999,999,999,999
3877973396,1,3,-,1,4,1,0,2
3877969129,1,8,The Weather Channel for iPhone or iPad,4,3,2,0,5
3877968802,1,7,-,3,4,2,6,9
3877966982,1,5,-,3,1,2,10,1
3877965710,1,8,m.accuweather.com,4,3,2,6,8
3877965544,1,2,-,1,4,1,5,8
3877961612,1,5,-,4,1,2,2,5
3877960106,0,4,-,2,1,2,3,9
3877958234,0,8,National Weather Service,3,3,2,6,8
3877957277,1,4,-,4,3,2,0,6
3877955881,0,2,-,1,3,2,7,7
3877955839,1,2,-,4,1,2,2,2
3877955798,1,5,-,4,4,1,4,4
3877954334,1,5,-,1,3,2,9,2
3877953647,1,4,-,4,4,2,5,9
3877950102,1,5,-,4,4,2,0,3
3877949696,1,5,-,1,2,2,0,5
3877949284,1,1,-,4,4,1,6,8
3877948332,1,2,-,4,3,2,3,2
3877946979,1,8,weather channel,1,2,2,8,9
3877946354,1,2,-,1,4,1,10,9
3877945582,1,4,-,4,3,2,0,5
3877943483,0,2,-,1,3,2,5,5
3877943300,1,4,-,4,1,2,2,1
3877942496,0,2,-,3,3,2,3,3
3877941352,1,1,-,4,3,1,4,6
3877941272,0,999,-,999,999,999,999,999
3877941245,1,4,-,3,2,2,4,2
3877939977,1,1,-,4,4,2,4,7
3877939933,1,1,-,4,3,1,7,3
3877939431,1,8,Google App,4,1,2,3,9
3877937093,1,4,-,4,1,2,0,7
3877936279,1,8,Accuweather,4,4,2,0,3
3877934942,1,999,-,999,999,999,999,999
3877934726,1,3,-,3,3,2,5,9
3877934192,1,5,-,4,3,2,10,8
3877934039,1,1,-,4,3,2,9,7
3877934025,1,8,Accuweather,3,3,2,3,2
3877933879,1,2,-,1,4,1,0,6
3877933017,1,8,The Weather Channel app on my phone.,4,3,1,5,3
3877930386,1,4,-,4,1,2,2,9
3877930133,1,2,-,4,4,2,0,5
3877926515,1,2,-,3,1,2,1,1
3877926252,1,3,-,1,4,1,10,7
3877922131,1,1,-,3,3,2,1,3
3877921800,1,4,-,3,4,1,7,9
3877921461,0,2,-,4,3,2,5,5
3877920147,0,4,-,1,2,2,5,2
3877919152,1,2,-,3,4,2,7,3
3877918818,0,5,-,3,1,2,8,9
3877916763,1,8,weather channel,4,4,1,7,4
3877914049,1,4,-,4,3,2,10,6
3877912517,1,6,-,4,4,1,5,7
3877911586,1,2,-,3,4,2,0,1
3877906211,1,8,WEatherbug,3,2,2,0,3
3877905346,0,2,-,1,3,2,8,8
3877904337,1,5,-,4,3,1,5,7
3877903810,0,2,-,4,3,2,0,3
3877903803,1,7,-,4,3,2,0,9
3877903037,1,8,weatherbug,3,2,2,0,5
3877902471,0,1,-,1,1,2,0,5
3877902073,1,8,DirecTv Weather App,1,3,1,0,9
3877901837,1,4,-,1,4,2,5,3
3877897238,1,8,The Weather Channel app,4,3,2,5,5
3877896109,1,3,-,1,4,2,10,9
3877893918,1,2,-,4,4,1,5,6
3877893684,1,4,-,4,4,2,3,9
3877893604,1,4,-,3,1,2,0,7
3877890420,1,2,-,3,3,2,6,9
3877890013,0,8,iphone,1,2,2,7,9
3877889922,1,8,smart phone,1,4,1,4,5
3877885176,1,5,-,4,1,2,5,3
3877885125,1,5,-,3,2,2,3,4
3877885019,1,2,-,3,4,2,0,7
3877884613,1,1,-,4,3,2,4,9
3877884192,0,2,-,1,4,2,3,9
3877880332,0,2,-,1,2,2,3,3
3877877032,1,8,Weather app,4,1,2,7,9
3877874628,1,8,accuweather,1,4,2,0,3
3877873676,1,3,-,1,3,1,3,6
3877871653,1,8,basic weather app on my iPhone,4,3,2,8,3
3877871578,1,2,-,4,1,2,1,3
3877871132,1,8,phone,1,1,2,1,7
3877870133,1,5,-,3,4,2,4,7
3877870026,1,5,-,3,4,1,6,2
3877869125,1,1,-,4,1,2,3,5
3877867553,1,8,Weather Bug,3,4,2,3,8
3877865436,1,2,-,4,3,2,7,9
3877864574,0,7,-,3,3,2,7,9
3877862817,1,4,-,1,3,2,0,8
3877862354,1,8,WeatherBug,4,3,2,4,5
3877861603,1,5,-,3,1,2,4,5
3877860767,1,2,-,3,3,1,2,7
3877860097,0,2,-,3,4,2,3,9
3877860035,0,5,-,2,2,2,7,8
3877859415,1,2,-,3,3,2,2,4
3877857384,1,5,-,4,3,2,4,5
3877857065,0,4,-,2,2,2,5,999
3877856635,1,2,-,4,2,2,4,7
3877856424,1,8,the weather channel app,3,1,2,0,2
3877856090,1,5,-,3,2,1,3,3
3877855838,0,1,-,4,2,2,6,9
3877854283,1,5,-,4,3,2,5,5
3877854113,1,1,-,4,3,1,4,4
3877853409,1,8,weather bug,4,3,1,6,3
3877851546,1,1,-,4,3,2,3,6
3877851313,1,1,-,3,4,2,0,8
3877850546,1,5,-,1,1,2,1,2
3877849360,1,5,-,4,1,2,0,1
3877849287,1,2,-,1,3,1,0,9
3877844428,1,2,-,4,4,2,3,3
3877840278,1,8,Bing,4,4,2,3,9
3877839221,1,1,-,4,4,1,4,5
3877838876,1,8,Weather Channel App,3,2,2,9,3
3877838258,1,1,-,3,1,2,3,3
3877835456,1,2,-,3,4,2,7,7
3877834333,1,5,-,1,4,2,4,3
3877833661,1,7,-,4,4,2,0,5
3877833303,1,2,-,4,4,2,0,2
3877831288,0,4,-,3,2,2,0,5
3877829146,1,5,-,4,2,2,8,3
3877828834,1,1,-,1,2,2,0,7
3877828401,1,5,-,4,1,2,0,2
3877828113,1,7,-,3,4,1,10,3
3877825838,1,2,-,3,4,2,7,9
3877825768,1,5,-,4,4,1,6,5
3877825397,1,5,-,2,4,2,8,9
3877825092,1,4,-,2,3,2,5,2
3877825091,1,1,-,2,3,2,2,1
3877823647,1,2,-,1,4,2,2,7
3877823634,0,2,-,2,4,1,4,8
3877823022,1,1,-,2,4,2,2,8
3877822759,1,5,-,3,1,2,1,3
3877821639,0,2,-,4,3,2,6,7
3877821152,1,1,-,3,1,2,0,1
3877820317,0,3,-,3,2,2,0,5
3877817207,1,8,weather.com,4,4,2,8,1
3877815508,1,1,-,3,4,2,6,9
3877813621,1,5,-,4,1,2,1,2
3877813587,0,2,-,3,1,2,0,5
3877813322,1,2,-,4,4,1,3,9
3877812497,0,2,-,3,1,2,0,4
3877806850,1,2,-,4,3,2,10,2
3877806666,0,8,Talk to my mother.,2,3,2,0,9
3877804843,1,5,-,4,3,2,3,5
3877803376,0,8,i look outside,3,2,2,4,9
3877803055,1,2,-,1,1,2,4,3
3877800395,1,5,-,3,1,2,1,9
3877799311,1,8,The Weather Channel,4,3,2,6,5
3877795231,1,1,-,3,4,1,6,9
3877794938,1,5,-,1,1,2,1,4
3877794732,1,2,-,3,3,1,1,5
3877793419,1,2,-,2,4,1,8,3
3877792799,1,4,-,3,4,1,6,6
3877791725,1,5,-,4,3,2,4,3
3877791459,1,8,weather.com,4,2,2,0,3
3877791359,0,4,-,2,4,2,0,9
3877791126,1,5,-,3,1,2,1,9
3877789580,1,4,-,4,3,2,0,7
3877789311,1,2,-,4,4,1,7,3
3877788831,1,8,Weather.com,3,4,2,5,3
3877788097,1,1,-,1,2,2,3,5
3877785851,1,8,Weather Channel App in IPhone,3,4,2,0,5
3877783718,1,7,-,4,4,1,0,3
3877783251,1,8,The Weather Channel app,1,4,1,0,3
3877781305,1,2,-,1,4,1,3,2
3877781123,1,3,-,4,3,1,9,1
3877779376,1,8,Weather Channel,3,2,2,3,5
3877778622,1,2,-,3,2,2,3,4
3877777746,1,8,The weather app on the iPhone,4,1,2,5,1
3877775605,1,2,-,4,4,2,5,8
3877775230,0,2,-,4,3,2,0,3
3877775208,1,2,-,4,4,1,6,5
3877771309,1,2,-,4,2,2,5,3
3877771155,1,8,The weather channel iPad app,4,4,2,4,7
3877769359,0,5,-,3,1,2,3,5
3877768869,1,8,weather underground,3,1,2,8,2
3877767444,1,5,-,4,3,2,0,4
3877767366,1,4,-,4,4,1,6,2
3877764882,1,2,-,3,4,2,5,7
3877762163,1,2,-,4,3,1,3,7
3877760068,0,8,My husband usually informs me about the next day's weather.,3,2,2,7,9
3877755586,1,2,-,3,4,1,2,9
3877755146,1,1,-,3,4,1,4,4
3877754981,1,2,-,4,3,1,4,2
3877754345,1,2,-,1,4,2,0,2
3877754281,1,8,weather underground,4,3,2,9,9
3877752751,1,5,-,3,3,2,2,9
3877751637,1,5,-,4,1,2,5,9
3877750962,1,2,-,2,3,2,4,6
3877750724,0,1,-,4,2,2,3,6
3877748205,0,4,-,3,1,2,2,1
3877747724,1,5,-,4,1,2,2,3
3877746061,1,5,-,1,2,2,1,6
3877744514,1,1,-,4,1,2,2,3
3877744055,1,7,-,1,4,1,0,9
3877743862,1,8,Weather.com,4,3,2,0,5
3877741292,0,5,-,3,1,2,4,3
3877740013,0,8,Default iPhone app,4,1,2,10,3
3877739642,1,5,-,4,1,2,3,1
3877739070,0,2,-,2,4,1,6,3
3877737885,1,4,-,1,4,1,5,3
3877735171,1,4,-,4,3,1,10,8
3877732662,0,2,-,3,3,2,2,6
3877732160,1,8,Google now,3,2,2,8,7
3877731939,1,1,-,2,3,1,6,9
3877729075,1,1,-,4,3,2,6,999
3877728804,1,5,-,4,4,1,7,9
3877728487,1,1,-,1,1,2,3,2
3877728042,1,5,-,2,3,2,0,7
3877727777,1,5,-,4,3,2,6,4
3877726824,0,2,-,1,3,2,0,5
3877724934,0,1,-,1,4,2,3,4
3877723968,1,4,-,3,4,1,0,4
3877723964,0,4,-,1,2,2,3,9
3877723322,1,8,Weather Underground,1,3,1,8,1
3877722749,1,2,-,4,1,2,3,3
3877721796,1,2,-,1,3,2,0,5
3877721262,1,8,Chrome app,4,2,2,5,3
3877720994,1,5,-,4,2,2,10,2
3877720618,1,8,Accuweather,3,1,2,0,2
3877719327,1,2,-,3,2,2,6,2
3877715614,1,4,-,2,2,2,4,8
3877714285,0,2,-,3,4,1,0,6
3877713514,1,5,-,3,1,2,1,8
3877710759,1,2,-,3,4,1,5,2
3877709429,0,5,-,3,1,2,4,5
3877709396,1,2,-,1,2,2,5,2
3877709203,0,4,-,3,2,2,5,5
3877705805,1,1,-,4,2,2,6,5
3877705747,0,1,-,4,2,2,3,3
3877705621,0,4,-,1,1,2,0,9
3877705489,1,5,-,4,1,1,4,8
3877705171,1,1,-,4,4,2,4,9
3877705053,1,1,-,3,2,2,2,3
3877703334,1,1,-,2,1,2,2,8
3877702652,1,8,Apple Weather App,4,1,2,0,7
3877699575,1,2,-,3,3,2,10,4
3877698507,0,5,-,1,1,2,0,5
3877696556,1,3,-,1,4,1,0,3
3877694816,1,8,National Weather Service site,2,4,1,10,6
3877693629,1,1,-,1,4,1,4,2
3877693173,1,5,-,1,2,2,10,8
3877691632,1,2,-,1,2,2,6,6
3877689877,0,5,-,3,1,2,5,7
3877689618,1,1,-,3,4,2,5,8
3877689598,1,5,-,4,3,2,8,5
3877688523,1,1,-,4,2,2,7,9
3877686918,0,2,-,3,3,2,3,7
3877686413,1,1,-,3,1,2,5,8
3877685833,1,2,-,4,3,1,6,5
3877685611,0,4,-,4,1,2,2,5
3877685103,0,5,-,3,2,2,6,8
3877684867,1,5,-,4,1,2,4,5
3877682778,1,1,-,4,1,1,0,7
3877682733,0,7,-,3,3,1,4,5
3877679711,1,2,-,3,4,1,4,6
3877679528,1,2,-,4,4,2,3,6
3877675285,1,2,-,3,4,1,5,4
3877674431,0,5,-,1,1,2,9,1
3877673406,1,8,Iphone weather app,3,1,2,3,7
3877673386,1,2,-,4,4,2,9,9
3877671160,0,8,desktop icon,3,3,2,3,9
3877668804,1,5,-,3,1,2,2,999
3877668573,1,8,The one that comes on your iphone,4,1,2,1,1
3877668518,1,5,-,4,1,2,7,1
3877668411,1,1,-,3,2,2,8,1
3877666795,1,2,-,3,3,2,3,3
3877666179,1,4,-,3,4,2,0,7
3877665489,1,8,weather bug,3,3,2,3,3
3877661347,1,3,-,3,4,1,5,8
3877660370,1,8,the weather channel and local TV kxan,4,4,2,10,7
3877660042,1,5,-,2,1,2,3,7
3877656203,1,1,-,3,3,1,4,9
3877654524,1,4,-,1,1,2,0,999
3877654523,1,8,Accuweather,4,3,1,5,5
3877653871,1,8,weather bug,4,3,2,10,5
3877653260,1,2,-,3,4,2,10,7
3877652718,1,2,-,1,4,2,0,8
3877652362,1,8,Wunderground,4,4,2,3,9
3877651261,1,5,-,4,3,2,10,5
3877650432,0,5,-,1,1,2,0,5
3877649523,1,8,weatherbug,1,1,2,2,3
3877649260,1,2,-,1,3,2,4,9
3877648807,0,5,-,3,2,2,10,5
3877648261,1,7,-,3,3,2,7,1
3877648193,1,4,-,4,2,2,3,7
3877647762,1,2,-,4,2,2,5,3
3877647733,1,5,-,4,4,1,10,9
3877647589,1,4,-,4,1,2,3,3
3877647198,1,2,-,1,3,2,3,2
3877646688,1,5,-,1,2,2,0,5
3877646493,1,7,-,1,3,2,5,4
3877646443,1,2,-,3,3,2,9,5
3877644027,1,1,-,1,3,1,5,5
3877642069,1,5,-,3,2,2,0,5
3877640956,1,8,accuweather,4,3,2,0,3
3877640569,1,8,the weather channel app,1,1,2,1,2
3877640059,1,2,-,2,4,2,2,6
3877639651,1,5,-,4,2,2,7,9
3877639599,1,4,-,3,4,1,3,7
3877639207,1,1,-,4,3,2,8,2
3877638685,1,8,Intellicast (site) & WUnderground (app),4,3,1,3,1
3877638200,0,5,-,2,1,2,0,4
3877637740,1,8,Weather Bug App,4,1,2,2,6
3877637463,1,5,-,1,3,1,10,1
3877637448,1,8,myphone,1,4,2,0,7
3877637119,0,5,-,1,1,2,9,999
3877635198,1,5,-,4,2,2,0,3
3877635161,1,4,-,4,2,2,2,1
3877633592,0,2,-,3,1,2,0,3
3877633421,1,8,weather.com,1,2,2,6,8
3877632920,1,8,weather.gov,3,2,2,4,4
3877632727,1,1,-,3,3,2,0,9
3877631626,1,1,-,3,2,2,6,9
3877630928,1,3,-,4,1,2,0,7
3877627989,1,2,-,4,4,1,0,8
3877627031,1,4,-,4,1,2,0,1
3877626831,1,6,-,2,3,2,0,9
3877626301,0,8,accuweather,3,1,2,0,8
3877625001,1,4,-,4,2,2,5,9
3877624927,1,4,-,3,2,2,0,9
3877623695,1,5,-,4,1,2,0,2
3877623020,0,5,-,3,2,2,4,7
3877622336,0,8,my phone has a pre-loaded app,4,3,2,10,9
3877622039,1,1,-,3,1,2,0,4
3877621290,1,5,-,4,4,2,5,4
3877620916,0,8,www.weather.gov,3,2,2,4,3
3877620216,1,4,-,1,4,2,10,8
3877619244,1,2,-,1,4,2,3,2
3877618703,1,5,-,4,3,2,10,5
3877617187,1,8,weather.com,2,4,2,5,1
3877617097,1,2,-,2,2,2,4,8
3877615523,1,5,-,3,3,2,4,8
3877614060,1,8,Weather Underground,4,1,2,0,2
3877613803,1,1,-,4,1,2,3,2
3877613602,0,999,-,999,999,999,999,999
3877612849,1,4,-,3,4,2,8,9
3877612172,1,2,-,1,3,2,4,6
3877611589,1,4,-,3,4,2,0,6
3877611244,1,4,-,3,3,1,5,6
3877608503,0,2,-,3,3,1,6,5
3877608111,1,1,-,4,3,2,5,7
3877607322,1,2,-,1,3,2,7,9
3877606832,0,5,-,1,1,2,1,8
3877606205,1,8,The Weather Channel app,4,3,1,0,5
3877606053,1,7,-,3,4,2,5,5
3877605415,1,2,-,1,2,2,3,1
3877605085,1,8,Weather & Clock widget,4,1,2,4,5
3877604945,1,2,-,4,3,2,1,8
3877604719,1,4,-,3,3,2,0,4
3877603245,1,5,-,1,2,2,5,8
3877602149,1,8,Weather.com,4,4,1,9,3
3877602108,1,1,-,4,2,2,4,6
3877601790,1,5,-,4,2,2,5,7
3877600406,1,1,-,2,1,2,3,5
3877599363,1,5,-,4,4,1,3,3
3877599184,0,4,-,1,2,2,7,5
3877598945,1,1,-,4,2,2,7,7
3877598520,1,2,-,1,3,1,6,3
3877595167,1,5,-,4,4,2,5,3
3877594682,1,3,-,3,4,1,3,3
3877592670,1,2,-,4,3,2,9,2
3877591670,1,1,-,4,3,2,4,7
3877591495,1,2,-,1,2,2,5,4
3877591297,0,5,-,3,3,2,7,9
3877586222,1,8,Weather.com,4,2,2,6,4
3877585955,1,5,-,3,2,2,0,1
3877584768,1,8,yahoo weather app,4,3,2,5,7
3877584496,0,8,Www.weather.com,1,2,2,2,2
3877580938,1,7,-,3,3,2,3,8
3877579781,1,1,-,1,2,1,3,6
3877579062,1,1,-,1,3,2,5,9
3877576778,0,2,-,4,3,2,2,3
3877573011,1,2,-,2,3,2,3,6
3877572488,1,8,weather app on iphone,4,2,2,7,5
3877572480,0,5,-,4,1,2,6,5
3877571848,0,5,-,3,3,2,6,3
3877568315,1,1,-,1,2,2,3,5
3877568116,0,4,-,1,4,2,6,7
3877568054,1,1,-,4,3,2,0,9
3877568053,1,5,-,4,2,2,0,5
3877566926,1,2,-,3,4,2,0,9
3877551536,0,999,-,999,999,999,999,999
3877548893,1,999,-,999,999,999,999,999